﻿Designator,Quantity,Value,Footprint,Package,MPN,DNP,Mount_Type,Description,Sim.Device,Sim.Pins
"Bat+1, Bat+r1, BatGND1, BatGNDr1",4,MountingHole_Pad,1pin_conn,,,,tht,,,
"D1, D10, D11, D12, D13, D14, D15, D16, D17, D18, D19, D2, D20, D21, D22, D23, D24, D25, D26, D27, D28, D29, D3, D30, D31, D32, D33, D34, D4, D5, D6, D7, D8, D9",34,1N4148W,D_SOD-123,,,,smt,"75V 0.15A Fast Switching Diode, SOD-123",D,1=K 2=A
"J1, J1_r1",2,Conn_01x05,PinSocket_1x05_P2.54mm_Vertical,,,,tht,"Generic connector, single row, 01x05, script generated (kicad-library-utils/schlib/autogen/connector/)",,
"REF_PUCK_R, e",2,Tenting Puck,Tenting_Puck2_no_pads,,,,tht,,,
"RSW1, RSW2",2,SW_Push,SW_SPST_B3U-1000P,,,,smt,,,
"SW1, SW10, SW10_r1, SW11, SW11_r1, SW12, SW12_r1, SW13, SW13_r1, SW14, SW14_r1, SW15, SW15_r1, SW16, SW16_r1, SW17, SW17_r1, SW1_r1, SW2, SW2_r1, SW3, SW3_r1, SW4, SW4_r1, SW5, SW5_r1, SW6, SW6_r1, SW7, SW7_r1, SW8, SW8_r1, SW9, SW9_r1",34,SW_Push,SW_Hotswap_Kailh_Choc_V1_tweaked,,,,smt,,,
"SW_POWER1, SW_POWERR1",2,SW_SPDT,SPDT_C128955,,,,tht,,,
SweepLogo,1,LOGO,ferris_broom,,,,tht,,,
"U1, U2",2,ProMicro-kbd,ProMicro_v3_min,,,,tht,,,
