﻿pos_x,pos_y,rotation,side,designator,mpn,pack,footprint,value,mount_type
235.966,-50.8,0.0,top,Bat+1,,,1pin_conn,MountingHole_Pad,tht
24.638,-50.8,0.0,top,Bat+r1,,,1pin_conn,MountingHole_Pad,tht
224.282,-50.8,0.0,top,BatGND1,,,1pin_conn,MountingHole_Pad,tht
36.068,-50.8,0.0,top,BatGNDr1,,,1pin_conn,MountingHole_Pad,tht
53.5,-42.5,90.0,bottom,D1,,,D_SOD-123,1N4148W,smt
76.0,-58.0,90.0,bottom,D10,,,D_SOD-123,1N4148W,smt
76.0,-75.15,90.0,bottom,D11,,,D_SOD-123,1N4148W,smt
99.0,-82.65,90.0,bottom,D12,,,D_SOD-123,1N4148W,smt
99.0,-65.5,90.0,bottom,D13,,,D_SOD-123,1N4148W,smt
98.5,-48.65,90.0,bottom,D14,,,D_SOD-123,1N4148W,smt
112.5,-59.15,90.0,bottom,D15,,,D_SOD-123,1N4148W,smt
112.5,-76.15,90.0,bottom,D16,,,D_SOD-123,1N4148W,smt
108.5,-90.0,0.0,bottom,D17,,,D_SOD-123,1N4148W,smt
148.5,-50.85,90.0,bottom,D18,,,D_SOD-123,1N4148W,smt
152.5,-47.856,90.0,bottom,D19,,,D_SOD-123,1N4148W,smt
53.5,-59.5,90.0,bottom,D2,,,D_SOD-123,1N4148W,smt
170.0,-40.998,90.0,bottom,D20,,,D_SOD-123,1N4148W,smt
185.206,-46.0,90.0,bottom,D21,,,D_SOD-123,1N4148W,smt
203.0,-51.5,90.0,bottom,D22,,,D_SOD-123,1N4148W,smt
148.5,-69.0,90.0,bottom,D23,,,D_SOD-123,1N4148W,smt
152.0,-64.5,90.0,bottom,D24,,,D_SOD-123,1N4148W,smt
167.5,-58.016,90.0,bottom,D25,,,D_SOD-123,1N4148W,smt
189.5,-62.85,90.0,bottom,D26,,,D_SOD-123,1N4148W,smt
203.0,-65.0,90.0,bottom,D27,,,D_SOD-123,1N4148W,smt
147.5,-88.0,180.0,bottom,D28,,,D_SOD-123,1N4148W,smt
157.5,-81.5,180.0,bottom,D29,,,D_SOD-123,1N4148W,smt
53.5,-76.5,90.0,bottom,D3,,,D_SOD-123,1N4148W,smt
167.5,-75.5,90.0,bottom,D30,,,D_SOD-123,1N4148W,smt
190.5,-82.5,90.0,bottom,D31,,,D_SOD-123,1N4148W,smt
203.5,-82.5,90.0,bottom,D32,,,D_SOD-123,1N4148W,smt
191.0,-94.0,0.0,bottom,D33,,,D_SOD-123,1N4148W,smt
214.0,-92.0,-90.0,bottom,D34,,,D_SOD-123,1N4148W,smt
47.5,-93.5,90.0,bottom,D4,,,D_SOD-123,1N4148W,smt
67.5,-87.5,90.0,bottom,D5,,,D_SOD-123,1N4148W,smt
61.0,-79.0,90.0,bottom,D6,,,D_SOD-123,1N4148W,smt
61.0,-63.35,90.0,bottom,D7,,,D_SOD-123,1N4148W,smt
61.0,-46.35,90.0,bottom,D8,,,D_SOD-123,1N4148W,smt
75.692,-46.282,90.0,bottom,D9,,,D_SOD-123,1N4148W,smt
225.128,-85.5,90.0,top,J1,,,PinSocket_1x05_P2.54mm_Vertical,Conn_01x05,tht
25.276,-85.5,90.0,top,J1_r1,,,PinSocket_1x05_P2.54mm_Vertical,Conn_01x05,tht
75.692,-46.282,0.0,top,REF_PUCK_R,,,Tenting_Puck2_no_pads,Tenting Puck,tht
217.5,-84.5,90.0,top,RSW1,,,SW_SPST_B3U-1000P,SW_Push,smt
43.5,-84.2,90.0,top,RSW2,,,SW_SPST_B3U-1000P,SW_Push,smt
139.856,-49.382,0.0,top,SW1,,,SW_Hotswap_Kailh_Choc_V1_tweaked,SW_Push,smt
211.836,-55.372,180.0,top,SW10,,,SW_Hotswap_Kailh_Choc_V1_tweaked,SW_Push,smt
48.686,-55.372,0.0,top,SW10_r1,,,SW_Hotswap_Kailh_Choc_V1_tweaked,SW_Push,smt
139.856,-83.382,0.0,top,SW11,,,SW_Hotswap_Kailh_Choc_V1_tweaked,SW_Push,smt
120.732,-83.382,180.0,top,SW11_r1,,,SW_Hotswap_Kailh_Choc_V1_tweaked,SW_Push,smt
157.856,-71.374,180.0,top,SW12,,,SW_Hotswap_Kailh_Choc_V1_tweaked,SW_Push,smt
102.714,-71.374,180.0,top,SW12_r1,,,SW_Hotswap_Kailh_Choc_V1_tweaked,SW_Push,smt
175.856,-64.516,180.0,top,SW13,,,SW_Hotswap_Kailh_Choc_V1_tweaked,SW_Push,smt
84.688,-64.516,180.0,top,SW13_r1,,,SW_Hotswap_Kailh_Choc_V1_tweaked,SW_Push,smt
193.856,-69.85,180.0,top,SW14,,,SW_Hotswap_Kailh_Choc_V1_tweaked,SW_Push,smt
66.7,-69.85,180.0,top,SW14_r1,,,SW_Hotswap_Kailh_Choc_V1_tweaked,SW_Push,smt
211.836,-72.39,180.0,top,SW15,,,SW_Hotswap_Kailh_Choc_V1_tweaked,SW_Push,smt
48.686,-72.39,0.0,top,SW15_r1,,,SW_Hotswap_Kailh_Choc_V1_tweaked,SW_Push,smt
203.826,-90.082,165.0,top,SW16,,,SW_Hotswap_Kailh_Choc_V1_tweaked,SW_Push,smt
56.778,-90.082,15.0,top,SW16_r1,,,SW_Hotswap_Kailh_Choc_V1_tweaked,SW_Push,smt
222.386,-98.082,150.0,top,SW17,,,SW_Hotswap_Kailh_Choc_V1_tweaked,SW_Push,smt
38.218,-98.082,30.0,top,SW17_r1,,,SW_Hotswap_Kailh_Choc_V1_tweaked,SW_Push,smt
120.732,-49.382,180.0,top,SW1_r1,,,SW_Hotswap_Kailh_Choc_V1_tweaked,SW_Push,smt
157.856,-37.382,180.0,top,SW2,,,SW_Hotswap_Kailh_Choc_V1_tweaked,SW_Push,smt
102.714,-37.382,180.0,top,SW2_r1,,,SW_Hotswap_Kailh_Choc_V1_tweaked,SW_Push,smt
175.856,-30.382,180.0,top,SW3,,,SW_Hotswap_Kailh_Choc_V1_tweaked,SW_Push,smt
84.688,-30.382,180.0,top,SW3_r1,,,SW_Hotswap_Kailh_Choc_V1_tweaked,SW_Push,smt
193.856,-35.882,180.0,top,SW4,,,SW_Hotswap_Kailh_Choc_V1_tweaked,SW_Push,smt
66.7,-35.882,180.0,top,SW4_r1,,,SW_Hotswap_Kailh_Choc_V1_tweaked,SW_Push,smt
211.856,-38.382,180.0,top,SW5,,,SW_Hotswap_Kailh_Choc_V1_tweaked,SW_Push,smt
48.686,-38.382,0.0,top,SW5_r1,,,SW_Hotswap_Kailh_Choc_V1_tweaked,SW_Push,smt
139.856,-66.382,0.0,top,SW6,,,SW_Hotswap_Kailh_Choc_V1_tweaked,SW_Push,smt
120.732,-66.382,180.0,top,SW6_r1,,,SW_Hotswap_Kailh_Choc_V1_tweaked,SW_Push,smt
157.856,-54.356,180.0,top,SW7,,,SW_Hotswap_Kailh_Choc_V1_tweaked,SW_Push,smt
102.714,-54.356,180.0,top,SW7_r1,,,SW_Hotswap_Kailh_Choc_V1_tweaked,SW_Push,smt
175.856,-47.498,180.0,top,SW8,,,SW_Hotswap_Kailh_Choc_V1_tweaked,SW_Push,smt
84.688,-47.498,180.0,top,SW8_r1,,,SW_Hotswap_Kailh_Choc_V1_tweaked,SW_Push,smt
193.856,-52.832,180.0,top,SW9,,,SW_Hotswap_Kailh_Choc_V1_tweaked,SW_Push,smt
66.7,-52.832,180.0,top,SW9_r1,,,SW_Hotswap_Kailh_Choc_V1_tweaked,SW_Push,smt
230.124,-51.816,180.0,bottom,SW_POWER1,,,SPDT_C128955,SW_SPDT,tht
30.48,-51.816,180.0,bottom,SW_POWERR1,,,SPDT_C128955,SW_SPDT,tht
84.074,-85.344,7.0,top,SweepLogo,,,ferris_broom,LOGO,tht
230.178,-67.564,0.0,top,U1,,,ProMicro_v3_min,ProMicro-kbd,tht
30.326,-67.564,0.0,top,U2,,,ProMicro_v3_min,ProMicro-kbd,tht
185.356,-46.282,0.0,top,e,,,Tenting_Puck2_no_pads,Tenting Puck,tht
