﻿Designator,Footprint,Quantity,Value,LCSC Part #
"BAT+1, BAT+R1, BATGND1, BATGNDR1",1pin_conn,4,MountingHole_Pad,
"D1, D10, D11, D12, D13, D14, D15, D16, D17, D18, D19, D2, D20, D21, D22, D23, D24, D25, D26, D27, D28, D29, D3, D30, D31, D32, D33, D34, D4, D5, D6, D7, D8, D9",D_SOD-123,34,1N4148W,
"E, REF_PUCK_R",Tenting_Puck2_no_pads,2,Tenting Puck,
"J1, J1_R1",PinSocket_1x05_P2.54mm_Vertical,2,Conn_01x05,
"RSW1, RSW2",SW_SPST_B3U-1000P,2,SW_Push,
"SW1, SW10, SW10_R1, SW11, SW11_R1, SW12, SW12_R1, SW13, SW13_R1, SW14, SW14_R1, SW15, SW15_R1, SW16, SW16_R1, SW17, SW17_R1, SW1_R1, SW2, SW2_R1, SW3, SW3_R1, SW4, SW4_R1, SW5, SW5_R1, SW6, SW6_R1, SW7, SW7_R1, SW8, SW8_R1, SW9, SW9_R1",SW_Hotswap_Kailh_Choc_V1_tweaked,34,SW_Push,
SWEEPLOGO,ferris_broom,1,LOGO,
"SW_POWER1, SW_POWERR1",SPDT_C128955,2,SW_SPDT,
"U1, U2",ProMicro_v3_min,2,ProMicro-kbd,
